killing,Open,Close,Neighbors,DToPath,Elevation
0.461538462,7.92E-16,0.5,5.983926,27.85430073,0.000177128
0.615384615,2.07E-54,3.59E-19,3.489259957,48.41386619,0.002974651
0.307692308,2.65E-16,0.997664,7.989888,42.42640687,0.005229252
0.384615385,1.15E-07,0.991583,7.97174,127.2792206,0.00894514
0.538461538,4.11E-27,0.999046,7.991913,7.071067812,0.000274378
0.538461538,4.14E-12,0.99553,5.987353,40.8529744,0.002538837
0.15384615384615385,2.01172e-49,9.46753e-12,4.979070879888,45.2903909476594,0.003249058156050986
0.23076923076923078,1.74867e-14,0.017356,4.975031082007009,101.51294522764849,0.006809263519720542
0.5384615384615384,7.22751e-17,0.997499,6.4953760006079175,49.49747468305833,0.0072571628569244265
