killing,Open,Close,Neighbors,DToPath,Elevation
1,0.367543,0.606625,4.70202554,23.23889667,0.033191415
0.25,0.0816128,0.892996,2.95257303,38.37300415,-0.061921122
0.25,0.0804281,0.898348,4.52549039,62.62943369,-0.2528593
1,3.70E-11,0.993742,4.91881707,52.73815725,-0.166950111
0,0,0,0,0,0
0,0.976561,0.00459184,1.5553598499999999,25.938388538997888,-0.02657484523411383
0,0,0,0,0,0
1.0,0,0,0,0,0
0.25,0,0,0,0,0
1.0,0.00169886,0.980384,6.65236368,21.466252583997655,0.02674294574393078
